Subject, nTasks,SolutionID,F_D,F_C,nViolation,nExecution,avgExecution,nMissedP,nMissedS,nMissedA,minMargin,minMargin, meanMargin,medianMargin,P-value
E-SAIL,25,1, 3327.4,15.0,0, 126376,12637.6,  59,0,0, 9.400000,59710.300000,52.533897,9.400000,  -1.0000
E-SAIL,25,9887, 3184.9,15.0,0, 126376,12637.6,  0,0,0, 9.400000,59704.700000,57.241912,9.400000,  0.0000
E-SAIL,25,9887, 3184.9,15.0,0, 126376,12637.6,  0,0,0, 9.400000,59704.700000,57.241912,9.400000,  0.0000
E-SAIL,25,9887, 3184.9,15.0,0, 126376,12637.6,  0,0,0, 9.400000,59704.700000,57.241912,9.400000,  0.0000
